wd,wdLabel,Tags
Q703941,private road,access=private
Q769603,non-metropolitan county,admin_level=6
Q13005188,mandal,admin_level=6
Q623149,billboard,advertising=billboard
Q13964,advertising column,advertising=column
Q1093798,poster box,advertising=poster_box
Q498002,aerial tramway,aerialway=cable_car
Q850767,chairlift,aerialway=chair_lift
Q1576693,gondola lift,aerialway=gondola
Q2367733,ropeway conveyor,aerialway=goods
Q6103826,J-bar lift,aerialway=j-bar
Q6730907,magic carpet,aerialway=magic_carpet
Q3546684,hybrid lift,aerialway=mixed_lift
Q17136481,surface lift,aerialway=platter
Q1975677,Ski tow,aerialway=rope_tow
Q17144502,T-bar lift,aerialway=t-bar
Q1154882,zip-line,aerialway=zip_line
Q62447,aerodrome,aeroway=aerodrome
Q573970,apron,aeroway=apron
Q247739,gate,aeroway=gate
Q192375,hangar,aeroway=hangar
Q534159,helipad,aeroway=helipad
Q502074,heliport,aeroway=heliport
Q782667,highway strip,aeroway=highway_strip
Q475111,approach lighting system,aeroway=navigationaid
Q184590,runway,aeroway=runway
Q194188,spaceport,aeroway=spaceport
Q910386,taxiway,aeroway=taxiway
Q849706,airport terminal,aeroway=terminal
Q216346,windsock,aeroway=windsock
Q47520149,animal boarding,amenity=animal_boarding
Q1411287,animal shelter,amenity=animal_shelter
Q166118,archives,amenity=archive
Q2190251,arts centre,amenity=arts_centre
Q81235,automated teller machine,amenity=atm
Q1644347,audiologist,amenity=audiologist
Q745455,baby hatch,amenity=baby_hatch
Q36539,oven,amenity=baking_oven
Q18761864,bank building,amenity=bank
Q21073937,bank branch,amenity=bank
Q187456,bar,amenity=bar
Q1546788,barbecue,amenity=bbq
Q204776,bench,amenity=bench
Q16243822,bicycle parking,amenity=bicycle_parking
Q61663696,bicycle-sharing station,amenity=bicycle_rental
Q47519912,bicycle repair station,amenity=bicycle_repair_station
Q857909,beer garden,amenity=biergarten
Q25384001,boat rental,amenity=boat_rental
Q4931514,boat sharing,amenity=boat_sharing
Q131295,brothel,amenity=brothel
Q17005322,base transceiver station,amenity=bts
Q2002539,bureau de change,amenity=bureau_de_change
Q1191753,bus garage,amenity=bus_garage
Q494829,bus station,amenity=bus_station
Q30022,coffeehouse,amenity=cafe
Q47525548,car pooling facility,amenity=car_pooling
Q291240,car rental,amenity=car_rental
Q847201,carsharing,amenity=car_sharing
Q1139861,car wash,amenity=car_wash
Q133215,casino,amenity=casino
Q2140665,electric vehicle charging station,amenity=charging_station
Q1455871,child care,amenity=childcare
Q41253,movie theater,amenity=cinema
Q1774898,clinic,amenity=clinic
Q376,clock,amenity=clock
Q188298,turret clock,amenity=clock
Q853854,clock tower,amenity=clock
Q189004,college,amenity=college
Q21822439,further education college,amenity=college
Q77115,community center,amenity=community_centre
Q367885,village hall,amenity=community_centre
Q143746,compressed air,amenity=compressed_air
Q1060829,concert hall,amenity=concert_hall
Q1378975,convention center,amenity=conference_centre
Q1137809,courthouse,amenity=courthouse
Q869457,coworking,amenity=coworking_space
Q157570,crematorium,amenity=crematorium
Q192619,crypt,amenity=crypt
Q27349,dentist,amenity=dentist
Q2979300,dental clinic,amenity=dentist
Q3664857,dive center,amenity=dive_centre
Q718966,doctor's office,amenity=doctors
Q203609,dōjō,amenity=dojo
Q1630622,drinking fountain,amenity=drinking_water
Q1340098,driver's education,amenity=driving_school
Q3917681,embassy,amenity=embassy
Q641226,arena,amenity=events_centre
Q18674739,event venue,amenity=events_venue
Q57305,trade fair,amenity=exhibition_centre
Q81799,fast food,amenity=fast_food
Q1751429,fast food restaurant,amenity=fast_food
Q1814211,friterie,amenity=fast_food
Q2673976,manger,amenity=feeding_place
Q25207165,feeder,amenity=feeding_place
Q4303352,passenger ship terminal,amenity=ferry_terminal
Q873442,asset management,amenity=financial_advice
Q1195942,fire station,amenity=fire_station
Q869381,flowerpot,amenity=flowerpot
Q1192284,food court,amenity=food_court
Q483453,fountain,amenity=fountain
Q205495,gas station,amenity=fuel
Q47520173,gambling facility,amenity=gambling
Q5500199,Free box,amenity=give_box
Q2878124,grit bin,amenity=grit_bin
Q1065656,health club,amenity=gym
Q608152,hospice,amenity=hospice
Q16917,hospital,amenity=hospital
Q1279822,shooting stand,amenity=hunting_stand
Q1311064,ice cream parlor,amenity=ice_cream
Q272399,internet café,amenity=internet_cafe
Q261362,employment agency,amenity=jobcentre
Q910635,karaoke box,amenity=karaoke_box
Q126807,kindergarten,amenity=kindergarten
Q47520281,public kitchen,amenity=kitchen
Q897403,language school,amenity=language_school
Q1587360,letter box,amenity=letter_box
Q7075,library,amenity=library
Q587334,lifebuoy,amenity=life_ring
Q11997323,lifeboat station,amenity=lifeboat_station
Q1799919,loading dock,amenity=loading_dock
Q330284,marketplace,amenity=marketplace
Q720920,bookmobile,amenity=mobile_library
Q44613,monastery,amenity=monastery
Q6451172,morgue,amenity=mortuary
Q47520009,motorcycle parking,amenity=motorcycle_parking
Q1021290,music school,amenity=music_school
Q8719053,music venue,amenity=music_venue
Q622425,nightclub,amenity=nightclub
Q837142,nursing home,amenity=nursing_home
Q6501349,parking lot,amenity=parking
Q47520013,parking entrance,amenity=parking_entrance
Q1433633,parking space,amenity=parking_space
Q7138926,parliament building,amenity=parliament
Q13107184,pharmacy,amenity=pharmacy
Q494312,photo booth,amenity=photo_booth
Q1370598,place of worship,amenity=place_of_worship
Q148319,planetarium,amenity=planetarium
Q861951,police station,amenity=police
Q49844,post box,amenity=post_box
Q35054,post office,amenity=post_office
Q82,printer,amenity=printer
Q40357,prison,amenity=prison
Q212198,pub,amenity=pub
Q785952,public bath,amenity=public_bath
Q294297,public bookcase,amenity=public_bookcase
Q294422,public building,amenity=public_building
Q36728566,ranger station,amenity=ranger_station
Q47520309,recycling facility,amenity=recycling
Q47520327,rescue station,amenity=rescue_station
Q11707,restaurant,amenity=restaurant
Q47520332,sanitary dump station,amenity=sanitary_dump_station
Q57036,sauna,amenity=sauna
Q3914,school,amenity=school
Q1976594,science park,amenity=science_park
Q2207370,seat,amenity=seat
Q7493941,shelter,amenity=shelter
Q7863,shower,amenity=shower
Q8536775,social center,amenity=social_centre
Q47520019,social facility,amenity=social_facility
Q915063,sorting office,amenity=sorting_office
Q214252,stable,amenity=stables
Q15026,chair,amenity=stool
Q6586445,strip club,amenity=stripclub
Q3661265,hall of residence,amenity=student_accommodation
Q19364326,media studio facility,amenity=studio
Q1501,swimming pool,amenity=swimming_pool
Q336078,sex club,amenity=swingerclub
Q14748,table,amenity=table
Q1395196,taxicab stand,amenity=taxi
Q11035,telephone,amenity=telephone
Q900977,payphone,amenity=telephone
Q11635,theater,amenity=theatre
Q24354,theatre,amenity=theatre
Q1345575,ticket validator,amenity=ticket_validator
Q813966,public toilet,amenity=toilets
Q543654,city hall,amenity=townhall
Q1143018,toy library,amenity=toy_library
Q3918,university,amenity=university
Q978659,vehicle inspection,amenity=vehicle_inspection
Q211584,vending machine,amenity=vending_machine
Q202883,veterinarian,amenity=veterinary
Q47520407,waste transfer station,amenity=waste_transfer_station
Q47520398,water point,amenity=water_point
Q932689,abreuvoir,amenity=watering_place
Q11412052,truck scale,amenity=weighbridge
Q7171565,pet adoption,animal_shelter:adoption=yes
Q69676094,animal release,animal_shelter:release=yes
Q1533036,animal sanctuary,animal_shelter:sanctuary=yes
Q4378237,Trivision,animated=trivision_blades
Q12271,architecture,artwork_type=architecture
Q3179385,azulejo,artwork_type=azulejo
Q241045,portrait at bust length,artwork_type=bust
Q17514,graffiti,artwork_type=graffiti
Q20437094,installation,artwork_type=installation
Q219423,mural,artwork_type=mural
Q860861,sculpture,artwork_type=sculpture
Q179700,statue,artwork_type=statue
Q468402,tile,artwork_type=tilework
Q928357,bronze sculpture,artwork:material=bronze
Q204832,roller coaster,attraction=roller_coaster
Q3266345,alpine slide,attraction=summer_toboggan
Q1148389,bollard,barrier=bollard
Q218719,border control,barrier=border_control
Q4997309,bump gate,barrier=bump_gate
Q251013,bus trap,barrier=bus_trap
Q2520860,cable barrier,barrier=cable_barrier
Q2164694,cattle grid,barrier=cattle_grid
Q16748868,city walls,barrier=city_wall
Q1661732,Pedestrian chicane,barrier=cycle_barrier
Q148571,fence,barrier=fence
Q53060,gate,barrier=gate
Q1344551,traffic barrier,barrier=guard_rail
Q867269,ha-ha,barrier=haha
Q235779,hedge,barrier=hedge
Q91975076,height barrier,barrier=height_restrictor
Q2300314,Jersey barrier,barrier=jersey_barrier
Q37442,curb,barrier=kerb
Q1521153,kissing gate,barrier=kissing_gate
Q852010,boom barrier,barrier=lift_gate
Q1076291,retaining wall,barrier=retaining_wall
Q15930902,sally port,barrier=sally_port
Q1698460,Spike strip,barrier=spikes
Q166557,stile,barrier=stile
Q7638033,Sump buster,barrier=sump_buster
Q1364150,toll booth,barrier=toll_booth
Q1146283,turnstile,barrier=turnstile
Q42948,wall,barrier=wall
Q171038,softball,baseball=softball
Q3500933,detention basin,basin=detention
Q2137499,Infiltration basin,basin=infiltration
Q1413117,retention basin,basin=retention
Q1151556,bicycle parking station,bicycle_parking=building
Q1392526,bicycle stand,bicycle_parking=stands
Q28575,county,border_type=county
Q56061,administrative territorial entity,boundary=administrative
Q498162,census-designated place,boundary=census
Q15042037,statistical territorial entity,boundary=census
Q180673,ceremonial county of England,boundary=ceremonial
Q4976993,civil parish,boundary=civil_parish
Q3089219,maritime boundary,boundary=maritime
Q921099,boundary marker,boundary=marker
Q46169,national park,boundary=national_park
Q192611,constituency,boundary=political
Q473972,protected area,boundary=protected_area
Q7925010,vice-county,boundary=vice_county
Q474,aqueduct,bridge=aqueduct
Q1429218,cantilever bridge,bridge=cantilever
Q1825472,covered bridge,bridge=covered
Q787417,moveable bridge,bridge=movable
Q653401,trestle bridge,bridge=trestle
Q181348,viaduct,bridge=viaduct
Q2502622,bicycle bridge,bridge=yes
Q47525299,allotment house,building=allotment_house
Q13402009,apartment building,building=apartments
Q798436,bakehouse,building=bakehouse
Q1303167,barn,building=barn
Q200334,bell tower,building=bell_tower
Q1777951,boathouse,building=boathouse
Q57778855,brewery building,building=brewery
Q850107,bungalow,building=bungalow
Q91122,bunker,building=bunker
Q695207,joined-log structure,building=cabin
Q1044817,carport,building=carport
Q2977,cathedral,building=cathedral
Q108325,chapel,building=chapel
Q16970,church building,building=church
Q52177058,civic building,building=civic
Q189004,college,building=college
Q655686,commercial building,building=commercial
Q161851,condominium,building=condominium
Q1791429,conservatory,building=conservatory
Q12377751,under construction,building=construction
Q1128503,container building,building=container
Q681337,cowshed,building=cowshed
Q671224,data center,building=data_center
Q1307276,single-family detached home,building=detached
Q65464996,biogas plant,building=digester
Q847950,dormitory,building=dormitory
Q1137365,entrance,building=entrance
Q489357,farmhouse,building=farm
Q10480682,agricultural structure,building=farm_auxiliary
Q210077,baptistery,building=font
Q22733,garage,building=garage
Q22733,garage,building=garages
Q47525060,garbage shed,building=garbage_shed
Q1796966,grandstand,building=grandstand
Q165044,greenhouse,building=greenhouse
Q1349167,ground station,building=ground_station
Q192375,hangar,building=hangar
Q39364723,hospital building,building=hospital
Q63099748,hotel building,building=hotel
Q3947,house,building=house
Q1321309,houseboat,building=houseboat
Q5784097,hut,building=hut
Q12144897,industrial building,building=industrial
Q126807,kindergarten,building=kindergarten
Q693369,kiosk,building=kiosk
Q856584,library building,building=library
Q380342,manufactory,building=manufacture
Q1409050,pole marquee,building=marquee
Q32815,mosque,building=mosque
Q1021645,office building,building=office
Q199451,pagoda,building=pagoda
Q16560,palace,building=palace
Q13218805,multistorey car park,building=parking
Q7138926,parliament building,building=parliament
Q47525089,sports pavilion,building=pavilion
Q294422,public building,building=public
Q11755880,residential building,building=residential
Q18760388,retail building,building=retail
Q3503155,riding hall,building=riding_hall
Q47525110,roof,building=roof
Q109607,ruins,building=ruins
Q1244442,school building,building=school
Q7419624,semi-detached house,building=semi
Q7419624,semi-detached house,building=semidetached_house
Q30310841,service building,building=service
Q721931,shed,building=shed
Q697295,shrine,building=shrine
Q1560125,slurry pit,building=slurry_tank
Q214252,stable,building=stable
Q483110,stadium,building=stadium
Q1434998,mobile home,building=static_caravan
Q33565,stilt house,building=stilt_house
Q1651566,pigsty,building=sty
Q76211894,supermarket building,building=supermarket
Q34627,synagogue,building=synagogue
Q44539,temple,building=temple
Q842402,Hindu temple,building=temple
Q875016,terrace house,building=terrace
Q18814858,terrace of houses,building=terrace
Q12518,tower,building=tower
Q1339195,station building,building=train_station
Q2461128,transformer tower,building=transformer_tower
Q47524577,public transportation building,building=transportation
Q19844914,university building,building=university
Q1362225,warehouse,building=warehouse
Q274153,water tower,building=water_tower
Q41176,building,building=yes
Q91939,hardened aircraft shelter,bunker_type=hardened_aircraft_shelter
Q2311847,single person bunker,bunker_type=personnel_shelter
Q92069,pillbox,bunker_type=pillbox
Q5119,capital,capital=yes
Q263274,kremlin,castle_type=kremlin
Q92026,Japanese castle,castle_type=shiro
Q4919932,stately home,castle_type=stately
Q180174,folly,castle=folly
Q173387,grave,cemetery=grave
Q1707610,war cemetery,cemetery=war_cemetery
Q852989,bouldering,climbing:boulder=yes
Q17152912,infant clothing,clothes=babies
Q9053464,costume,clothes=costumes
Q652698,denim,clothes=denim
Q197204,fur,clothes=fur
Q80151,hat,clothes=hats
Q286,leather,clothes=leather
Q10522713,men's clothing,clothes=men
Q7205582,plus-size clothing,clothes=oversize
Q862633,school uniform,clothes=schoolwear
Q17749756,swimwear,clothes=swimwear
Q3172759,folk costume,clothes=traditional
Q4375404,wedding clothing,clothes=wedding
Q4179400,women's clothing,clothes=women
Q17148672,social club,club=social
Q847017,sports club,club=sport
Q62603260,parachute club,club=sport
Q6501028,water tank,content=water
Q2072285,atelier,craft=atelier
Q160131,baker,craft=bakery
Q976015,basket weaver,craft=basket_maker
Q852389,beekeeper,craft=beekeeper
Q1639825,blacksmith,craft=blacksmith
Q548031,boat builder,craft=boatbuilder
Q1413170,bookbinder,craft=bookbinder
Q131734,brewery,craft=brewery
Q811930,building contractor,craft=builder
Q154549,carpenter,craft=carpenter
Q28869945,caterer,craft=caterer
Q506126,chimney sweep,craft=chimney_sweeper
Q2700922,clockmaker,craft=clockmaker
Q47505416,Konditorei,craft=confectionery
Q1251750,distillery,craft=distillery
Q2034021,dressmaker,craft=dressmaker
Q165029,electrician,craft=electrician
Q889574,Floorer,craft=floorer
Q758780,gardener,craft=gardener
Q1529413,glaziery,craft=glaziery
Q19101121,handicrafter,craft=handicraft
Q336221,jeweller,craft=jeweller
Q3479990,locksmith,craft=locksmith
Q838566,metalsmith,craft=metal_construction
Q1996635,optician,craft=optician
Q288728,Painter and varnisher,craft=painter
Q33231,photographer,craft=photographer
Q656208,photographic laboratory,craft=photographic_laboratory
Q1191329,piano tuner,craft=piano_tuner
Q15284879,plasterer,craft=plasterer
Q252924,plumber,craft=plumber
Q3400050,potter,craft=pottery
Q2152783,rigger,craft=rigger
Q552378,roofer,craft=roofer
Q1760988,saddler,craft=saddler
Q549237,sailmaker,craft=sailmaker
Q505213,sawmill,craft=sawmill
Q1516054,scaffolder,craft=scaffolder
Q1281618,sculptor,craft=sculptor
Q152355,cobbler,craft=shoemaker
Q1924077,exhibition stand builder,craft=stand_builder
Q328325,stonemason,craft=stonemason
Q242468,tailor,craft=tailor
Q878295,tiler,craft=tiler
Q852718,tinsmith,craft=tinsmith
Q1716419,turner,craft=turner
Q23754740,upholsterer,craft=upholsterer
Q157798,watchmaker,craft=watchmaker
Q156362,winery,craft=winery
Q897317,winegrower,craft=winery
Q153697,coffee bean,crop=coffee
Q156354,Coffea,crop=coffee
Q886167,flowering plant,crop=flowers
Q13158,Fragaria × ananassa,crop=strawberry
Q101815,Camellia sinensis,crop=tea
Q70780172,tea plantation,crop=tea
Q15645384,wheat,crop=wheat
Q7161439,pelican crossing,crossing_ref=pelican
Q7258882,puffin crossing,crossing_ref=puffin
Q7828547,toucan crossing,crossing_ref=toucan
Q7328304,zebra crossing,crossing_ref=zebra
Q623970,Arab cuisine,cuisine=arab
Q579500,Argentine cuisine,cuisine=argentinian
Q728206,Asian cuisine,cuisine=asian
Q783010,Australian cuisine,cuisine=australian
Q272502,bagel,cuisine=bagel
Q805060,Balkan cuisine,cuisine=balkan
Q24439113,barbecue restaurant,cuisine=barbecue
Q3006895,Bolivian cuisine,cuisine=bolivian
Q614394,Brazilian cuisine,cuisine=brazilian
Q6663,hamburger,cuisine=burger
Q63878756,fast-food hamburger restaurant,cuisine=burger
Q1729345,Caribbean cuisine,cuisine=caribbean
Q27477249,Chinese cuisine,cuisine=chinese
Q1789628,Croatian cuisine,cuisine=croatian
Q816851,cupcake,cuisine=cupcake
Q63869420,cupcake bakery,cuisine=cupcake
Q871595,Czech cuisine,cuisine=czech
Q1196267,Danish cuisine,cuisine=danish
Q203925,fish and chips,cuisine=fish_and_chips
Q16980934,fish and chip shop,cuisine=fish_and_chips
Q6661,French cuisine,cuisine=french
Q1814211,friterie,cuisine=friture
Q18396676,frozen yogurt shop,cuisine=frozen_yogurt
Q47629,German cuisine,cuisine=german
Q744027,Greek cuisine,cuisine=greek
Q264327,Hungarian cuisine,cuisine=hungarian
Q192087,Indian cuisine,cuisine=indian
Q1342397,Iranian cuisine,cuisine=iranian
Q192786,Italian cuisine,cuisine=italian
Q234138,Japanese cuisine,cuisine=japanese
Q284288,Jewish cuisine,cuisine=jewish
Q647500,Korean cuisine,cuisine=korean
Q11262318,Obanzai,cuisine=kyo_ryouri
Q929239,Lebanese cuisine,cuisine=lebanese
Q934309,Mediterranean cuisine,cuisine=mediterranean
Q207965,Mexican cuisine,cuisine=mexican
Q10262188,cuisine of Minas Gerais,cuisine=mineira
Q7010123,New Mexican cuisine,cuisine=new_mexican
Q41927,Okinawan cuisine,cuisine=okinawa_ryori
Q749847,Peruvian cuisine,cuisine=peruvian
Q1501212,pizzeria,cuisine=pizza
Q756020,Polish cuisine,cuisine=polish
Q180817,Portuguese cuisine,cuisine=portuguese
Q94951,regional cuisine,cuisine=regional
Q2147761,Rhenish cuisine,cuisine=rhenish
Q12505,Russian cuisine,cuisine=russian
Q622512,Spanish cuisine,cuisine=spanish
Q3109696,steakhouse,cuisine=steak_house
Q841984,Thai cuisine,cuisine=thai
Q654493,Turkish cuisine,cuisine=turkish
Q826059,Vietnamese cuisine,cuisine=vietnamese
Q2565249,Westphalian cuisine,cuisine=westphalian
Q1378400,cycle lane,cycleway=lane
Q54913746,Bicycle contraflow lanes,cycleway=opposite
Q289429,Dennert Fir Tree,dennert_fir_tree=yes
Q748825,third rail,electrified=rail
Q1333922,Emergency Access Point,emergency=access_point
Q927519,ambulance station,emergency=ambulance_station
Q2217279,emergency assembly point,emergency=assembly_point
Q787407,automated external defibrillator,emergency=defibrillator
Q1450682,defibrillator,emergency=defibrillator
Q190672,fire extinguisher,emergency=fire_extinguisher
Q352466,Fire flapper,emergency=fire_flapper
Q1410061,fire hose,emergency=fire_hose
Q634299,fire hydrant,emergency=fire_hydrant
Q587334,lifebuoy,emergency=life_ring
Q2146388,Refuge Beacon,emergency=marine_refuge
Q1613929,emergency telephone,emergency=phone
Q205234,siren,emergency=siren
Q74051479,commercial flag,flag:type=advertising
Q32350958,bingo hall,gambling=bingo
Q836661,pachinko,gambling=pachinko
Q531953,outcrop,geological=outcrop
Q9096832,paleontological site,geological=palaeontological_site
Q896395,Jugendamt in Germany,government=youth_welfare_department
Q67207179,animal crossing,hazard=animal_crossing
Q188504,alternative medicine,healthcare=alternative
Q1644347,audiologist,healthcare=audiologist
Q1752787,birthing center,healthcare=birthing_center
Q763244,blood bank,healthcare=blood_bank
Q29982375,blood collection centre,healthcare=blood_donation
Q1774898,clinic,healthcare=clinic
Q27349,dentist,healthcare=dentist
Q39631,physician,healthcare=doctor
Q718966,doctor's office,healthcare=doctor
Q16917,hospital,healthcare=hospital
Q185196,midwife,healthcare=midwife
Q631193,occupational therapist,healthcare=occupational_therapist
Q9052719,optometrist,healthcare=optometrist
Q186005,physiotherapy,healthcare=physiotherapist
Q694748,physiotherapist,healthcare=physiotherapist
Q3393065,podiatrist,healthcare=podiatrist
Q1900167,psychotherapist,healthcare=psychotherapist
Q11762416,speech and language therapist,healthcare=speech_therapist
Q19558910,place listed on the National Register of Historic Places,heritage:operator=nrhp
Q64959476,Pittsburgh History and Landmarks Foundation Historic Landmark,heritage:operator=phlf
Q916333,Rijksmonument,heritage:operator=rce
Q916333,Rijksmonument,heritage=2
Q1639395,bridle path,highway=bridleway
Q42775781,guided busway,highway=bus_guideway
Q953806,bus stop,highway=bus_stop
Q1135449,corridor,highway=corridor
Q8010,crosswalk,highway=crossing
Q221722,bike path,highway=cycleway
Q132911,elevator,highway=elevator
Q1333922,Emergency Access Point,highway=emergency_access_point
Q268756,Runaway truck ramp,highway=escape
Q3352369,footpath,highway=footway
Q13634881,walkway,highway=footway
Q1628979,living street,highway=living_street
Q13222303,Highway location marker,highway=milestone
Q12037720,mini roundabout,highway=mini_roundabout
Q46622,controlled-access highway,highway=motorway
Q353070,junction,highway=motorway_junction
Q785486,three-way interchange,highway=motorway_junction
Q785658,motorway forks,highway=motorway_junction
Q786061,Spur route,highway=motorway_link
Q2091725,passing place,highway=passing_place
Q5004679,path,highway=path
Q369730,pedestrian zone,highway=pedestrian
Q1777138,race track,highway=raceway
Q2338524,auto racing track,highway=raceway
Q786014,rest area,highway=rest_area
Q896009,Landesstraße,highway=secondary
Q786014,rest area,highway=services
Q33709,traffic enforcement camera,highway=speed_camera
Q12511,stairs,highway=steps
Q250429,stop sign,highway=stop
Q503958,streetlight,highway=street_lamp
Q700143,dirt road,highway=track
Q8004,traffic light,highway=traffic_signals
Q2145163,trunk road,highway=trunk
Q12731,cul-de-sac,highway=turning_circle
Q648116,via ferrata,highway=via_ferrata
Q839954,archaeological site,historic=archaeological_site
Q10971470,ward,historic=bailey
Q718893,theater,historic=battlefield
Q81103,cannon,historic=cannon
Q23413,castle,historic=castle
Q751876,château,historic=castle
Q82117,city gate,historic=city_gate
Q16748868,city walls,historic=citywalls
Q1785071,fort,historic=fort
Q879050,manor house,historic=manor
Q5003624,memorial,historic=memorial
Q10145,milestone,historic=milestone
Q84163056,Royal Saxon milestone,historic=milestone
Q4989906,monument,historic=monument
Q16560,palace,historic=palace
Q241212,pillory,historic=pillory
Q109607,ruins,historic=ruins
Q815241,runestone,historic=rune_stone
Q24566025,Norse runestone,historic=rune_stone
Q575727,museum ship,historic=ship
Q381885,tomb,historic=tomb
Q65954323,tree shrine,historic=tree_shrine
Q2309609,wayside cross,historic=wayside_cross
Q3395121,wayside shrine,historic=wayside_shrine
Q852190,shipwreck,historic=wreck
Q1191753,bus garage,industrial=depot
Q22812402,signpost,information=guidepost
Q884257,tactile map,information=tactile_model
Q2744831,Center pivot irrigation,irrigation=pivot
Q2642279,Jughandle,junction=jughandle
Q1525,roundabout,junction=roundabout
Q5350656,Single-point urban interchange,junction=spui
Q59772,lime kiln,kiln=lime
Q25391,dune,landform=dune_system
Q89021074,dune system,landform=dune_system
Q332784,esker,landform=esker
Q17155155,raised beach,landform=raised_beach
Q8054653,allotment,landuse=allotments
Q813672,basin,landuse=basin
Q896586,brownfield land,landuse=brownfield
Q39614,cemetery,landuse=cemetery
Q338313,business park,landuse=commercial
Q1133961,commercial district,landuse=commercial
Q360418,construction site,landuse=construction
Q188869,field,landuse=farmland
Q3395383,agricultural land,landuse=farmland
Q42811590,farmyard,landuse=farmyard
Q2586008,commercial forest,landuse=forest
Q207766,lawn,landuse=grass
Q12018455,greenfield land,landuse=greenfield
Q329683,industrial park,landuse=industrial
Q152810,landfill,landuse=landfill
Q7777019,meadow,landuse=meadow
Q236371,orchard,landuse=orchard
Q155511,plant nursery,landuse=plant_nursery
Q188040,quarry,landuse=quarry
Q88941642,millstones of Valmeriana,landuse=quarry
Q55493,goods station,landuse=railway
Q800279,railway facility,landuse=railway
Q2063507,recreation area,landuse=recreation_ground
Q811600,sacred grove,landuse=religious
Q131681,reservoir,landuse=reservoir
Q674950,residential area,landuse=residential
Q12104567,housing estate,landuse=residential
Q5152545,retail area,landuse=retail
Q27095213,shopping district,landuse=retail
Q39659371,retail environment,landuse=retail
Q244326,salt evaporation pond,landuse=salt_pond
Q57743,village green,landuse=village_green
Q22715,vineyard,landuse=vineyard
Q47521258,adult gaming centre,leisure=adult_gaming_centre
Q260676,amusement arcade,leisure=amusement_arcade
Q3126170,bandstand,leisure=bandstand
Q1021711,seaside resort,leisure=beach_resort
Q2244608,bird hide,leisure=bird_hide
Q27106471,bowling alley,leisure=bowling_alley
Q2259176,common land,leisure=common
Q1188223,dance hall,leisure=dance
Q23005232,dance school,leisure=dance
Q47521078,disc golf course,leisure=disc_golf_course
Q38516,dog park,leisure=dog_park
Q17015069,escape room,leisure=escape_game
Q187317,fire pit,leisure=firepit
Q5451647,Fire ring,leisure=firepit
Q7111942,outdoor fireplace,leisure=firepit
Q47521850,fishing spot,leisure=fishing
Q1065656,health club,leisure=fitness_centre
Q692630,outdoor gym,leisure=fitness_station
Q1107656,garden,leisure=garden
Q1048525,golf course,leisure=golf_course
Q1032372,hackerspace,leisure=hackerspace
Q1621657,equestrian facility,leisure=horse_riding
Q1282870,ice rink,leisure=ice_rink
Q47524429,miniature golf course,leisure=miniature_golf
Q179049,nature reserve,leisure=nature_reserve
Q759421,nature reserve,leisure=nature_reserve
Q22698,park,leisure=park
Q2466395,picnic table,leisure=picnic_table
Q8524,football pitch,leisure=pitch
Q741118,tennis court,leisure=pitch
Q891698,Q891698,leisure=pitch
Q2310214,pitch,leisure=pitch
Q11875349,playground,leisure=playground
Q2063507,recreation area,leisure=recreation_ground
Q272888,red-light district,leisure=red_light_district
Q875157,resort,leisure=resort
Q57036,sauna,leisure=sauna
Q206809,schoolyard,leisure=schoolyard
Q521839,shooting range,leisure=shooting_ground
Q361945,slipway,leisure=slipway
Q14092,gymnasium,leisure=sports_hall
Q483110,stadium,leisure=stadium
Q876852,summer camp,leisure=summer_camp
Q47524436,swimming area,leisure=swimming_area
Q1501,swimming pool,leisure=swimming_pool
Q1004435,athletics track,leisure=track
Q28077,Turkish bath,leisure=turkish_bath
Q740326,water park,leisure=water_park
Q47524435,wildlife hide,leisure=wildlife_hide
Q2151232,townland,locality=townland
Q16886316,indoors,location=indoor
Q16889140,outdoors,location=outdoor
Q863404,subterranea,location=underground
Q58917,adit,man_made=adit
Q17484395,beacon,man_made=beacon
Q165107,beehive,man_made=beehive
Q215635,breakwater,man_made=breakwater
Q12280,bridge,man_made=bridge
Q7321974,cairn,man_made=cairn
Q1864226,bell tower,man_made=campanile
Q170477,chimney,man_made=chimney
Q1721219,clearcutting,man_made=clearcut
Q309250,courtyard,man_made=courtyard
Q178692,crane,man_made=crane
Q392371,Christian cross,man_made=cross
Q17172602,monumental cross,man_made=cross
Q487843,cutline,man_made=cutline
Q105190,levee,man_made=dyke
Q1971570,flagpole,man_made=flagpole
Q962715,gas holder,man_made=gasometer
Q577998,Conveyor system,man_made=goods_conveyor
Q153084,groyne,man_made=groyne
Q1664398,insect hotel,man_made=insect_hotel
Q1724341,kiln,man_made=kiln
Q39715,lighthouse,man_made=lighthouse
Q25043590,plunge dip,man_made=livestock_dip
Q556186,mine shaft,man_made=mineshaft
Q1924376,monitoring station,man_made=monitoring_station
Q1993885,nesting aids,man_made=nesting_site
Q62832,observatory,man_made=observatory
Q689880,oil platform,man_made=offshore_platform
Q587682,oil well,man_made=petroleum_well
Q863454,pier,man_made=pier
Q16885408,pipeline,man_made=pipeline
Q828909,wharf,man_made=quay
Q213643,silo,man_made=silo
Q3203939,snow fence,man_made=snow_fence
Q4827510,Avalanche net,man_made=snow_fence
Q1756525,storage tank,man_made=storage_tank
Q334415,security camera,man_made=surveillance
Q131862,triangulation station,man_made=survey_point
Q352956,survey marker,man_made=survey_point
Q1161707,benchmark,man_made=survey_point
Q4213,telescope,man_made=telescope
Q234731,torii,man_made=torii
Q12518,tower,man_made=tower
Q11166728,TV tower,man_made=tower
Q15242449,wastewater treatment plant,man_made=wastewater_plant
Q4114147,standpipe,man_made=water_tap
Q274153,water tower,man_made=water_tower
Q43483,well,man_made=water_well
Q11849395,waterworks,man_made=water_works
Q185187,watermill,man_made=watermill
Q1077135,wildlife crossing,man_made=wildlife_crossing
Q38720,windmill,man_made=windmill
Q1730505,windpump,man_made=windpump
Q1579049,utility location,marker=plate
Q688292,nuraghe,megalith_type=nuraghe
Q1935728,stone circle,megalith_type=stone_circle
Q26703203,stumbling stone,memorial:type=stolperstein
Q937114,ghost bike,memorial=ghost_bike
Q721747,commemorative plaque,memorial=plaque
Q26703203,stumbling stone,memorial=stolperstein
Q11734477,memorial stone,memorial=stone
Q575759,war memorial,memorial=war_memorial
Q3640372,brewpub,microbrewery=yes
Q5487333,microbrewery,microbrewery=yes
Q695850,airbase,military=airfield
Q131263,barracks,military=barracks
Q91122,bunker,military=bunker
Q1324633,naval base,military=naval_base
Q42811873,military obstacle course,military=obstacle_course
Q1778846,proving ground,military=range
Q1778846,proving ground,military=training_area
Q91764,military trench,military=trench
Q2327632,city museum,museum_type=municipal
Q17431399,national museum,museum_type=national
Q614316,private museum,museum_type=private
Q19890860,agricultural museum,museum=agriculture
Q3329412,archaeological museum,museum=archaeological
Q4828724,aviation museum,museum=aviation
Q842478,children's museum,museum=children
Q16735822,history museum,museum=history
Q10333872,language museum,museum=language
Q1595639,local museum,museum=local
Q1863818,maritime museum,museum=maritime
Q2772772,military museum,museum=military
Q756102,open-air museum,museum=open_air
Q10624527,biographical museum,museum=person
Q18704634,railway museum,museum=railway
Q588140,science museum,museum=science
Q2398990,technology museum,museum=technology
Q2516357,transport museum,museum=transport
Q1334383,arête,natural=arete
Q39594,bay,natural=bay
Q40080,beach,natural=beach
Q885499,blowhole,natural=blowhole
Q185113,cape,natural=cape
Q35509,cave,natural=cave_entrance
Q67166646,cave entrance,natural=cave_entrance
Q107679,cliff,natural=cliff
Q1701967,coastal line,natural=coastline
Q5421955,fell,natural=fell
Q35666,glacier,natural=glacier
Q1006733,grassland,natural=grassland
Q27590,heath,natural=heath
Q93267,isthmus,natural=isthmus
Q1092661,moorland,natural=moor
Q8502,mountain,natural=peak
Q54050,hill,natural=peak
Q207326,summit,natural=peak
Q34763,peninsula,natural=peninsula
Q184358,reef,natural=reef
Q740445,ridge,natural=ridge
Q8063,rock,natural=rock
Q10862618,saddle,natural=saddle
Q1133195,scree,natural=scree
Q879641,shrubland,natural=scrub
Q188734,sinkhole,natural=sinkhole
Q124714,spring,natural=spring
Q37901,strait,natural=strait
Q965847,termite mound,natural=termite_mound
Q10884,tree,natural=tree
Q491700,roadside tree,natural=tree_row
Q39816,valley,natural=valley
Q8072,volcano,natural=volcano
Q15324,body of water,natural=water
Q170321,wetland,natural=wetland
Q4421,forest,natural=wood
Q811600,sacred grove,natural=wood
Q48204,voluntary association,office=association
Q15906149,Digital Society,office=association
Q1428011,bail bondsman,office=bail_bond_agent
Q869457,coworking,office=coworking
Q213283,diplomatic mission,office=diplomatic
Q261362,employment agency,office=employment_agency
Q81096,engineer,office=engineer
Q519076,real estate broker,office=estate_agent
Q327333,government agency,office=government
Q27038992,insurance agency,office=insurance
Q40348,lawyer,office=lawyer
Q694748,physiotherapist,office=therapist
Q217107,travel agency,office=travel_agent
Q13218805,multistorey car park,parking=multi-storey
Q33837,archipelago,place=archipelago
Q5195043,borough,place=borough
Q515,city,place=city
Q1348006,city block,place=city_block
Q5107,continent,place=continent
Q6256,country,place=country
Q28575,county,place=county
Q149621,district,place=district
Q131596,farm,place=farm
Q5084,hamlet,place=hamlet
Q23442,island,place=island
Q207524,islet,place=islet
Q3257686,locality,place=locality
Q15284,municipality,place=municipality
Q123705,neighborhood,place=neighbourhood
Q683595,land lot,place=plot
Q2983893,quarter,place=quarter
Q174782,square,place=square
Q107390,federated state,place=state
Q188509,suburb,place=suburb
Q3957,town,place=town
Q19610511,township,place=township
Q532,village,place=village
Q2311958,canton,political_division=canton
Q17166756,United States congressional district,political_division=congressional_district
Q89934,community of Belgium,political_division=linguistic_community
Q589282,ward or electoral division of the United Kingdom,political_division=ward
Q1195098,ward,political_division=ward
Q42804670,underground or at-grade power line,power=cable
Q7236480,Power box,power=cable_distribution_cabinet
Q2010240,catenary mast,power=catenary_mast
Q5636221,HVDC converter,power=converter
Q131502,electric generator,power=generator
Q1347279,heliostat,power=heliostat
Q2144320,overhead power line,power=line
Q159719,power station,power=plant
Q1144084,utility pole,power=pole
Q478986,distribution substation,power=substation
Q5320,switch,power=switch
Q914711,Transmission tower,power=tower
Q11658,transformer,power=transformer
Q64896574,platform,public_transport=platform
Q12819564,station,public_transport=station
Q548662,transportation stop,public_transport=stop_position
Q1928330,crossover,railway=crossover
Q10283556,motive power depot,railway=depot
Q996850,derail,railway=derail
Q4663385,former railway station,railway=disused_station
Q142031,funicular,railway=funicular
Q55678,railway halt,railway=halt
Q2141822,hump,railway=hump_yard
Q171448,level crossing,railway=level_crossing
Q1268865,light rail,railway=light_rail
Q2355237,railway kilometre sign,railway=milestone
Q20820102,rideable miniature railway,railway=miniature
Q187934,monorail,railway=monorail
Q1112477,narrow-gauge railway,railway=narrow_gauge
Q1693573,Q1693573,railway=phone
Q325358,railway platform,railway=platform
Q420962,heritage railway,railway=preserved
Q28109475,proposed railway line,railway=proposed
Q728937,railway line,railway=rail
Q46995345,flat crossing,railway=railway_crossing
Q1365704,railway roundhouse,railway=roundhouse
Q831844,staff halt,railway=service_station
Q862562,railway signal,railway=signal
Q910597,signalling control,railway=signal_box
Q39015397,signal box,railway=signal_box
Q12104949,Q12104949,railway=spur
Q55488,railway station,railway=station
Q5503,rapid transit,railway=subway
Q82818,railroad switch,railway=switch
Q15640053,tram system,railway=tram
Q2175765,tram stop,railway=tram_stop
Q1082925,railway traverser,railway=traverser
Q730493,railway turntable,railway=turntable
Q1530516,railway vacancy detection,railway=vacancy_detection
Q55493,goods station,railway=yard
Q27106436,recycling center,recycling_type=centre
Q4743886,recycling bin,recycling_type=container
Q43004,animism,religion=animist
Q22679,Bahá'í Faith,religion=bahai
Q748,Buddhism,religion=buddhist
Q470364,Caodaism,religion=caodaism
Q5043,Christianity,religion=christian
Q9581,Confucianism,religion=confucian
Q11456201,Fujikō,religion=fujiko
Q9089,Hinduism,religion=hindy
Q9232,Jainism,religion=jain
Q9268,Judaism,religion=jewish
Q432,Islam,religion=muslim
Q189753,modern paganism,religion=pagan
Q14397660,Pastafarianism,religion=pastafarian
Q131036,Scientology,religion=scientologist
Q812767,Shinto,religion=shinto
Q9316,Sikhism,religion=sikh
Q829348,spiritualism,religion=spiritualist
Q9598,Taoism,religion=taoist
Q1622507,Unitarian Universalism,religion=unitarian_universalist
Q302729,Haitian Vodou,religion=voodoo
Q200885,Yazidis,religion=yazidi
Q9601,Zoroastrianism,religion=zoroastrian
Q3238502,construction aggregate,resource=aggregate
Q102078,bauxite,resource=bauxite
Q42302,clay,resource=clay
Q24489,coal,resource=coal
Q753,copper,resource=copper
Q40858,natural gas,resource=gas
Q897,gold,resource=gold
Q133833,gravel,resource=gravel
Q191552,iron ore,resource=iron_ore
Q23757,limestone,resource=limestone
Q22656,petroleum,resource=oil
Q184624,peat,resource=peat
Q34679,sand,resource=sand
Q283,water,resource=water
Q674251,waiting room,room=waiting
Q359309,detour,route=detour
Q2143825,hiking trail,route=hiking
Q22667,railway,route=railway
Q34442,road,route=road
Q15079663,rapid transit railway line,route=subway
Q3238851,main line,route=train
Q2632011,liquor store,shop=alcohol
Q11284331,anime shop,shop=anime
Q3267025,antique shop,shop=antiques
Q43156919,appliance store,shop=appliance
Q1007870,commercial art gallery,shop=art
Q47516482,quad shop,shop=atv
Q47507911,baby goods shop,shop=baby_goods
Q47507924,bag shop,shop=bag
Q274393,bakery,shop=bakery
Q47508983,bathroom furnishing store,shop=bathroom_furnishing
Q1195245,beauty salon,shop=beauty
Q47516331,bed shop,shop=bed
Q47504516,beverage shop,shop=beverages
Q26721034,bike shop,shop=bicycle
Q47516516,boat shop,shop=boat
Q664702,bookmaker,shop=bookmaker
Q200764,bookstore,shop=books
Q1068824,boutique,shop=boutique
Q47504642,brewing supply,shop=brewing_supplies
Q13164546,butcher shop,shop=butcher
Q47517150,camera shop,shop=camera
Q47516343,candle shop,shop=candles
Q774861,cannabis coffee shop,shop=cannabis
Q786803,car dealership,shop=car
Q47516524,car parts shop,shop=car_parts
Q1310967,automobile repair shop,shop=car_repair
Q47516346,carpet shop,shop=carpet
Q2235104,ship chandler,shop=chandler
Q153551,charity shop,shop=charity
Q3088348,cheesery,shop=cheese
Q1260046,drugstore,shop=chemist
Q47504660,chocolate shop,shop=chocolate
Q2090555,clothing store,shop=clothes
Q47517090,collector's items store,shop=collector
Q43182520,computer shop,shop=computer
Q3574069,confectionery store,shop=confectionery
Q7361709,convenience store,shop=convenience
Q23745600,Alfamart,shop=convenience
Q1131628,copy shop,shop=copyshop
Q47508166,cosmetic shop,shop=cosmetics
Q47517111,art and crafts shop,shop=craft
Q47516347,curtain shop,shop=curtain
Q17009758,dairy store,shop=dairy
Q3231410,delicatessen,shop=deli
Q216107,department store,shop=department_store
Q811530,hardware store,shop=doityourself
Q47516351,door shop,shop=doors
Q42817497,dry cleaner,shop=dry_cleaning
Q21017121,vape shop,shop=e-cigarette
Q47515948,electrical supply store,shop=electrical
Q43156817,electronics store,shop=electronics
Q47515998,energy provider,shop=energy
Q221618,sex shop,shop=erotic
Q519076,real estate broker,shop=estate_agent
Q47508051,fabric shop,shop=fabric
Q1371823,farm shop,shop=farm
Q47508054,fashion shop,shop=fashion
Q47516018,fireplace shop,shop=fireplace
Q47516535,fishing equipment store,shop=fishing
Q550594,fishmonger,shop=fishmonger
Q47516353,flooring shop,shop=flooring
Q10431511,flower shop,shop=florist
Q47517115,frame shop,shop=frame
Q47516538,free flying equipment store,shop=free_flying
Q47504702,frozen food shop,shop=frozen_food
Q47516533,fuel shop,shop=fuel
Q1466031,funeral home,shop=funeral_directors
Q316490,funeral director,shop=funerals_directors
Q47516358,furniture shop,shop=furniture
Q47517120,board games shop,shop=games
Q260569,garden centre,shop=garden_centre
Q47516049,garden furniture shop,shop=garden_furniture
Q47516067,bottled gas shop,shop=gas
Q1244860,general store,shop=general
Q865693,gift shop,shop=gift
Q1529413,glaziery,shop=glaziery
Q2017004,pro shop,shop=golf
Q145658,greengrocer,shop=greengrocer
Q1295201,grocery store,shop=grocery
Q350039,mercery,shop=haberdashery
Q55187,hairdresser,shop=hairdresser
Q47508170,hairdresser supply shop,shop=hairdresser_supply
Q811530,hardware store,shop=hardware
Q864440,health food store,shop=health_food
Q1644347,audiologist,shop=hearing_aids
Q3133901,herbalist,shop=herbalist
Q47516431,hifi store,shop=hifi
Q5874968,hobby shop,shop=hobby
Q47516128,houseware shop,shop=houseware
Q47516539,hunting shop,shop=hunting
Q1311064,ice cream parlor,shop=ice_cream
Q47516362,interior decorations shop,shop=interior_decoration
Q47516541,jetski store,shop=jetski
Q20708021,jewellery shop,shop=jewelry
Q693369,kiosk,shop=kiosk
Q47516368,kitchen shop,shop=kitchen
Q47516372,lamp store,shop=lamps
Q1143034,self-service laundry,shop=laundry
Q12893467,industrial laundry,shop=laundry
Q47508066,leather shop,shop=leather
Q47516372,lamp store,shop=lighting
Q3479990,locksmith,shop=locksmith
Q47519608,lottery store,shop=lottery
Q11315,shopping mall,shop=mall
Q901922,massage shop,shop=massage
Q2221810,medical equipment shop,shop=medical_supply
Q3505412,military surplus,shop=military_surplus
Q47516435,mobile phone shop,shop=mobile_phone
Q2893189,moneylender,shop=money_lender
Q47516542,motorcycle shop,shop=motorcycle
Q2243978,record shop,shop=music
Q24284215,musical instrument store,shop=musical_instrument
Q1528905,newsagent,shop=newsagent
Q47508200,nutrition supplements store,shop=nutrition_supplements
Q1996635,optician,shop=optician
Q80144507,optician shop,shop=optician
Q47516546,outdoor equipment store,shop=outdoor
Q47516196,paint store,shop=paint
Q47519648,party shop,shop=party
Q47505049,pasta store,shop=pasta
Q47505416,Konditorei,shop=pastry
Q176637,pawnbroker,shop=pawnbroker
Q1509937,perfumery,shop=perfumery
Q220142,pet store,shop=pet
Q47517141,photo shop,shop=photo
Q11642,pottery,shop=pottery
Q47519677,firework supply store,shop=pyrotechnics
Q47516439,radiotechnic store,shop=radiotechnics
Q47519786,religous merchandising store,shop=religion
Q47516423,robot shop,shop=robot
Q47516552,scuba diving equipment store,shop=scuba_diving
Q47507842,fish and seafood store,shop=seafood
Q2925872,second-hand shop,shop=second_hand
Q47516232,security shop,shop=security
Q47508075,sewing shop,shop=sewing
Q2235104,ship chandler,shop=ship_chandler
Q7500021,shoe store,shop=shoes
Q11315,shopping mall,shop=shopping_centre
Q47516563,ski store,shop=ski
Q47516564,snowmobile store,shop=snowmobile
Q47507844,spice store,shop=spices
Q47516567,sport shop,shop=sports
Q24309558,stationer,shop=stationery
Q401404,self storage,shop=storage_rental
Q180846,supermarket,shop=supermarket
Q47517083,swimming pool equipment shop,shop=swimming_pool
Q47508085,tailor shop,shop=tailor
Q27038997,tattoo parlor,shop=tattoo
Q47507849,tea shop,shop=tea
Q47519615,ticket shop,shop=ticket
Q47516376,tile store,shop=tiles
Q16406,smoke shop,shop=tobacco
Q1318959,toy store,shop=toys
Q811891,building materials trade,shop=trade
Q217107,travel agency,shop=travel_agency
Q47517159,trophy store,shop=trophy
Q47516839,tire shop,shop=tyres
Q47519700,vacant shop,shop=vacant
Q47516441,vacuum cleaner store,shop=vacuum_cleaner
Q2301114,variety store,shop=variety_store
Q1756711,video rental shop,shop=video
Q7927919,video game store,shop=video_games
Q47508094,watch shop,shop=watches
Q25112996,gun shop,shop=weapons
Q320677,cash and carry,shop=wholesale
Q47516378,window blind shop,shop=window_blind
Q21117149,wine shop,shop=wine
Q213441,shop,shop=yes
Q57334497,retail store,shop=yes
Q1342743,Ulmus procera,species=Ulmus_procera
Q172809,ten-pin bowling,sport=10pin
Q3414499,Q3414499,sport=8pin
Q706199,nine-pin bowling,sport=9pin
Q43114,aikido,sport=aikido
Q41323,American football,sport=american_football
Q108429,archery,sport=archery
Q542,athletics,sport=athletics
Q50776,Australian rules football,sport=australian_football
Q7291,badminton,sport=badminton
Q183018,bandy,sport=bandy
Q809831,BASE jumping,sport=base
Q5369,baseball,sport=baseball
Q4543,beach volleyball,sport=beachvolleyball
Q3341285,cue sports,sport=billiards
Q215184,bicycle motocross,sport=bmx
Q177275,bobsleigh,sport=bobsleigh
Q895060,boules,sport=boules
Q895471,bowls,sport=bowls
Q32112,boxing,sport=boxing
Q248534,Canadian football,sport=canadian_football
Q718,chess,sport=chess
Q5132811,Cliff jumping,sport=cliff_diving
Q14405929,high diving,sport=cliff_diving
Q57833445,Q57833445,sport=cliff_diving
Q22857,climbing,sport=climbing
Q852989,bouldering,sport=climbing
Q1541373,sport climbing,sport=climbing
Q1939700,rope course,sport=climbing_adventure
Q319771,cockfight,sport=cockfighting
Q5375,cricket,sport=cricket
Q682943,cricket field,sport=cricket
Q193387,croquet,sport=croquet
Q2072840,CrossFit,sport=crossfit
Q136851,curling,sport=curling
Q2215841,cycle sport,sport=cycling
Q131471,darts,sport=darts
Q876737,disc golf,sport=disc_golf
Q778020,dog track,sport=dog_racing
Q1345388,greyhound racing,sport=dog_racing
Q57833661,dog racing,sport=dog_racing
Q902378,equestrian sport,sport=equestrian
Q1455,field hockey,sport=field_hockey
Q1453560,freeflying,sport=free_flying
Q171401,futsal,sport=futsal
Q2447366,gaelic games,sport=gaelic_games
Q5377,golf,sport=golf
Q43450,gymnastics,sport=gymnastics
Q8418,handball,sport=handball
Q200333,Hapkido,sport=hapkido
Q187916,horse racing,sport=horse_racing
Q2746282,horseshoes,sport=horseshoes
Q41466,ice hockey,sport=ice_hockey
Q779272,ice skating,sport=ice_skating
Q1070325,ice stock sport,sport=ice_stock
Q11420,judo,sport=judo
Q192420,kart racing,sport=karting
Q1232319,kart circuit,sport=karting
Q219554,kite surfing,sport=kitesurfing
Q192937,korfball,sport=korfball
Q2280583,krachtbal,sport=krachtbal
Q185851,lacrosse,sport=lacrosse
Q998303,Laser tag,sport=laser_tag
Q170737,long jump,sport=long_jump
Q11417,martial arts,sport=martial_arts
Q2475583,radio-controlled aircraft,sport=model_aerodrome
Q215862,motocross,sport=motocross
Q5367,motorsport,sport=motor
Q933851,obstacle course,sport=obstacle_course
Q29358,orienteering,sport=orienteering
Q1582389,padel,sport=paddle
Q3805008,paddle tennis,sport=paddle_tennis
Q193210,skydiving,sport=parachuting
Q62603260,parachute club,sport=parachuting
Q178380,paragliding,sport=paragliding
Q212845,Basque pelota,sport=pelota
Q11928176,pelota,sport=pelota
Q754586,racquetball,sport=racquet
Q1419833,radio-controlled car,sport=rc_car
Q1707432,roller skating,sport=roller_skating
Q159354,rowing,sport=rowing
Q10962,rugby league,sport=rugby_league
Q5849,rugby union,sport=rugby_union
Q14085739,sailing,sport=sailing
Q1719546,recreational diving,sport=scuba_diving
Q206989,shooting sport,sport=shooting
Q842284,skateboarding,sport=skateboard
Q909906,skatepark,sport=skateboard
Q130949,skiing,sport=skiing
Q2736,association football,sport=soccer
Q8524,football pitch,sport=soccer
Q891698,Q891698,sport=soccer
Q40561,sumo,sport=sumo
Q159992,surfing,sport=surfing
Q31920,swimming,sport=swimming
Q14922,table football,sport=table_soccer
Q3930,table tennis,sport=table_tennis
Q36389,taekwondo,sport=taekwondo
Q847,tennis,sport=tennis
Q273285,luge,sport=toboggan
Q465014,trampolining,sport=trampoline
Q1734,volleyball,sport=volleyball
Q7707,water polo,sport=water_polo
Q472827,waterskiing,sport=water_ski
Q83462,weightlifting,sport=weightlifting
Q42486,wrestling,sport=wrestling
Q928830,metro station,station=subway
Q1719654,serving area interface,street_cabinet=telecom
Q746369,recording studio,studio=audio
Q511355,television studio,studio=television
Q803616,rail transport electrical substation,substation=traction
Q189259,asphalt concrete,surface=asphalt
Q2534206,concrete surface,surface=concrete
Q3328263,pavement,surface=paved
Q757022,sett,surface=sett
Q3179760,tarmac,surface=tarmac
P4238,webcam page URL,surveillance=webcam
Q90717531,war grave,tomb=war_grave
Q182676,mountain hut,tourism=alpine_hut
Q336532,vacation rental,tourism=apartment
Q47520713,vacation apartment,tourism=apartment
Q2281788,public aquarium,tourism=aquarium
Q838948,work of art,tourism=artwork
Q570116,tourist attraction,tourism=attraction
Q832778,campsite,tourism=camp_site
Q1424620,motorhome stopover,tourism=caravan_site
Q1371789,holiday home,tourism=chalet
Q207694,art museum,tourism=gallery
Q2460422,guest house,tourism=guest_house
Q654772,hostel,tourism=hostel
Q27686,hotel,tourism=hotel
Q1587716,tourism office,tourism=information
Q216212,motel,tourism=motel
Q33506,museum,tourism=museum
Q47520603,picnic site,tourism=picnic_site
Q194195,amusement park,tourism=theme_park
Q6017969,scenic viewpoint,tourism=viewpoint
Q39425,bothy,tourism=wilderness_hut
Q22995,wine cellar,tourism=wine_cellar
Q49389,tourism,tourism=yes
Q43501,zoo,tourism=zoo
Q74231,chicane,traffic_calming=chicane
Q110701,overhead line,trolley_wire=yes
Q4022,river,type=waterway
Q911379,spillway,usage=spillway
Q61960059,vegetarian restaurant,vegetarian=only
Q997921,book vending machine,vending=books
Q1572205,Reverse vending machine,vending=bottle_return
Q199329,cigarette machine,vending=cigarettes
Q1047284,condom machine,vending=condoms
Q16831578,drink vending machine,vending=drinks
Q2595247,bait machine,vending=fishing_bait
Q1524788,milk vending machine,vending=milk
Q187022,newspaper vending machine,vending=newspapers
Q2046594,Parcel boxes,vending=parcel_mail_in
Q2046594,Parcel boxes,vending=parcel_mail_in;parcel_pickup
Q2046594,Parcel boxes,vending=parcel_pickup
Q2046594,Parcel boxes,vending=parcel_pickup;parcel_mail_in
Q574511,Pay and display,vending=parking_tickets
Q657345,ticket machine,vending=public_transport_tickets
Q381222,stamp vending machine,vending=stamps
Q2295670,snack machine,vending=sweets
Q601510,noise barrier,wall=noise_barrier
Q23397,lake,water=lake
Q3253281,pond,water=pond
Q131681,reservoir,water=reservoir
Q190928,shipyard,waterway=boatyard
Q12284,canal,waterway=canal
Q12323,dam,waterway=dam
Q2048319,ditch,waterway=ditch
Q124282,dock,waterway=dock
Q606619,fish ladder,waterway=fish_pass
Q42792757,lock gate,waterway=lock_gate
Q3434106,river mile,waterway=milestone
Q4022,river,waterway=river
Q63565252,brook,waterway=stream
Q187971,wadi,waterway=wadi
Q34038,waterfall,waterway=waterfall
Q1066997,weir,waterway=weir
Q30198,marsh,wetland=marsh
Q166735,swamp,wetland=swamp
Q31796,mudflat,wetland=tidalflat
Q24192069,wheelchair inaccessible,wheelchair=no
Q24192067,wheelchair accessible,wheelchair=yes
Q642682,safari park,zoo=safari_park
Q1711697,wildlife park,zoo=wildlife_park
